<?xml version="1.0" encoding="UTF-8"?>
<project-private xmlns="http://www.netbeans.org/ns/project-private/1">
    <editor-bookmarks xmlns="http://www.netbeans.org/ns/editor-bookmarks/2" lastBookmarkId="0"/>
    <open-files xmlns="http://www.netbeans.org/ns/projectui-open-files/2">
        <group>
            <file>file:/Users/amankhera/Desktop/Patient%20Management%20Application/src/Backend/DB_Vitals.java</file>
            <file>file:/Users/amankhera/Desktop/Patient%20Management%20Application/src/Frontend/Calc_BMI_Screen.java</file>
            <file>file:/Users/amankhera/Desktop/Patient%20Management%20Application/src/Frontend/Welcome_Screen.java</file>
            <file>file:/Users/amankhera/Desktop/Patient%20Management%20Application/src/Frontend/Prescription_Gen_Screen.java</file>
            <file>file:/Users/amankhera/Desktop/Patient%20Management%20Application/src/Backend/DB_Doctor.java</file>
            <file>file:/Users/amankhera/Desktop/Patient%20Management%20Application/src/Frontend/Search_Vitals_Screen.java</file>
            <file>file:/Users/amankhera/Desktop/Patient%20Management%20Application/src/Backend/database_info.java</file>
            <file>file:/Users/amankhera/Desktop/Patient%20Management%20Application/src/Frontend/Chat_Bot.java</file>
            <file>file:/Users/amankhera/Desktop/Patient%20Management%20Application/src/Backend/DB_Patients.java</file>
            <file>file:/Users/amankhera/Desktop/Patient%20Management%20Application/src/Backend/DB_BMI.java</file>
            <file>file:/Users/amankhera/Desktop/Patient%20Management%20Application/src/Frontend/Patient_Registration_Form.java</file>
            <file>file:/Users/amankhera/Desktop/Patient%20Management%20Application/src/Frontend/Signup_Page.java</file>
            <file>file:/Users/amankhera/Desktop/Patient%20Management%20Application/src/Frontend/Login_Page.java</file>
            <file>file:/Users/amankhera/Desktop/Patient%20Management%20Application/src/Frontend/Appointment_Screen.java</file>
            <file>file:/Users/amankhera/Desktop/Patient%20Management%20Application/src/Frontend/Home_Screen.java</file>
            <file>file:/Users/amankhera/Desktop/Patient%20Management%20Application/src/Backend/DB_Appointments.java</file>
            <file>file:/Users/amankhera/Desktop/Patient%20Management%20Application/src/Frontend/Vitals_Screen.java</file>
        </group>
    </open-files>
</project-private>
